{
    "1": [
        [
            6244.088569559623,
            3275.2635896066204
        ],
        [
            8881.685991757433,
            3286.339881973341
        ],
        [
            6242.176406919258,
            3751.0310408649966
        ],
        [
            8879.60211883334,
            3762.107560455799
        ]
    ],
    "2": [
        [
            8881.685991757433,
            3286.339881973341
        ],
        [
            11519.284728483064,
            3298.368078642525
        ],
        [
            8879.60211883334,
            3762.107560455799
        ],
        [
            11517.029143756488,
            3774.136003867723
        ]
    ],
    "3": [
        [
            11519.284728483064,
            3298.368078642525
        ],
        [
            14156.884888015105,
            3311.348188380711
        ],
        [
            11517.029143756488,
            3774.136003867723
        ],
        [
            14154.457589842146,
            3787.116379871033
        ]
    ],
    "4": [
        [
            14156.884888015105,
            3311.348188380711
        ],
        [
            16794.487417860306,
            3325.280225234106
        ],
        [
            14154.457589842146,
            3787.116379871033
        ],
        [
            16791.888404417085,
            3801.0487025063485
        ]
    ],
    "5": [
        [
            16794.487417860306,
            3325.280225234106
        ],
        [
            19432.09074780543,
            3340.1641904916614
        ],
        [
            16791.888404417085,
            3801.0487025063485
        ],
        [
            19429.32001725235,
            3815.932973064482
        ]
    ],
    "6": [
        [
            19432.09074780543,
            3340.1641904916614
        ],
        [
            22069.695825338247,
            3356.000099283643
        ],
        [
            19429.32001725235,
            3815.932973064482
        ],
        [
            22066.753375655855,
            3831.769206670113
        ]
    ],
    "7": [
        [
            22069.695825338247,
            3356.000099283643
        ],
        [
            24707.302758699632,
            3372.787963155657
        ],
        [
            22066.753375655855,
            3831.769206670113
        ],
        [
            24704.18858774344,
            3848.5574148688465
        ]
    ],
    "8": [
        [
            6242.176406919258,
            3751.0310408649966
        ],
        [
            8879.60211883334,
            3762.107560455799
        ],
        [
            6240.264074685518,
            4226.7999560767785
        ],
        [
            8877.5180610877,
            4237.876702643931
        ]
    ],
    "9": [
        [
            8879.60211883334,
            3762.107560455799
        ],
        [
            11517.029143756488,
            3774.136003867723
        ],
        [
            8877.5180610877,
            4237.876702643931
        ],
        [
            11514.77335898031,
            4249.905392532237
        ]
    ],
    "10": [
        [
            11517.029143756488,
            3774.136003867723
        ],
        [
            14154.457589842146,
            3787.116379871033
        ],
        [
            11514.77335898031,
            4249.905392532237
        ],
        [
            14152.03007639153,
            4262.886034510098
        ]
    ],
    "11": [
        [
            14154.457589842146,
            3787.116379871033
        ],
        [
            16791.888404417085,
            3801.0487025063485
        ],
        [
            14152.03007639153,
            4262.886034510098
        ],
        [
            16789.2891604685,
            4276.818642618135
        ]
    ],
    "12": [
        [
            16791.888404417085,
            3801.0487025063485
        ],
        [
            19429.32001725235,
            3815.932973064482
        ],
        [
            16789.2891604685,
            4276.818642618135
        ],
        [
            19426.549040966318,
            4291.703218141571
        ]
    ],
    "13": [
        [
            19429.32001725235,
            3815.932973064482
        ],
        [
            22066.753375655855,
            3831.769206670113
        ],
        [
            19426.549040966318,
            4291.703218141571
        ],
        [
            22063.810665013152,
            4307.539776207879
        ]
    ],
    "14": [
        [
            22066.753375655855,
            3831.769206670113
        ],
        [
            24704.18858774344,
            3848.5574148688465
        ],
        [
            22063.810665013152,
            4307.539776207879
        ],
        [
            24701.074140599696,
            4324.3283283580095
        ]
    ],
    "15": [
        [
            6240.264074685518,
            4226.7999560767785
        ],
        [
            8877.5180610877,
            4237.876702643931
        ],
        [
            6238.351581792929,
            4702.568115001544
        ],
        [
            8875.433828257374,
            4713.645088296384
        ]
    ],
    "16": [
        [
            8877.5180610877,
            4237.876702643931
        ],
        [
            11514.77335898031,
            4249.905392532237
        ],
        [
            8875.433828257374,
            4713.645088296384
        ],
        [
            11512.517384693609,
            4725.674024391919
        ]
    ],
    "17": [
        [
            11514.77335898031,
            4249.905392532237
        ],
        [
            14152.03007639153,
            4262.886034510098
        ],
        [
            11512.517384693609,
            4725.674024391919
        ],
        [
            14149.6023590049,
            4738.654932052828
        ]
    ],
    "18": [
        [
            14152.03007639153,
            4262.886034510098
        ],
        [
            16789.2891604685,
            4276.818642618135
        ],
        [
            14149.6023590049,
            4738.654932052828
        ],
        [
            16786.689698158414,
            4752.58782531973
        ]
    ],
    "19": [
        [
            16789.2891604685,
            4276.818642618135
        ],
        [
            19426.549040966318,
            4291.703218141571
        ],
        [
            16786.689698158414,
            4752.58782531973
        ],
        [
            19423.777831893764,
            4767.472705476917
        ]
    ],
    "20": [
        [
            19426.549040966318,
            4291.703218141571
        ],
        [
            22063.810665013152,
            4307.539776207879
        ],
        [
            19423.777831893764,
            4767.472705476917
        ],
        [
            22060.867707158905,
            4783.30958764907
        ]
    ],
    "21": [
        [
            22063.810665013152,
            4307.539776207879
        ],
        [
            24701.074140599696,
            4324.3283283580095
        ],
        [
            22060.867707158905,
            4783.30958764907
        ],
        [
            24697.959431819618,
            4800.098483374342
        ]
    ],
    "22": [
        [
            6238.351581792929,
            4702.568115001544
        ],
        [
            8875.433828257374,
            4713.645088296384
        ],
        [
            6236.438919327105,
            5178.33773789648
        ],
        [
            8873.34941062727,
            5189.414937672205
        ]
    ],
    "23": [
        [
            8875.433828257374,
            4713.645088296384
        ],
        [
            11512.517384693609,
            4725.674024391919
        ],
        [
            8873.34941062727,
            5189.414937672205
        ],
        [
            11510.261210380937,
            5201.44411970675
        ]
    ],